rank,maxIter,regParam,rmse
12,5,0.1,0.6552935644338347
10,5,0.1,0.6555419165125085
8,5,0.1,0.65670599983795
8,10,0.1,0.656753624045323
10,10,0.1,0.6567796813558778
12,10,0.1,0.6568384166955471
8,5,0.05,0.679082932682765
8,10,0.05,0.6827266083065622
10,5,0.05,0.6845872306564522
12,5,0.05,0.6874615770542108
10,10,0.05,0.6883992006506711
12,10,0.05,0.6912903941631643
